assembly	chr	gene_beg	gene_end	prot_id	motif_beg	motif_end	motif_id	motif_name
GCA_025331925.1	1	191419	192725	KAI8417509.1	366	413	PF17106	NACHT_sigma
GCA_025331925.1	1	191419	192725	KAI8417509.1	370	410	inhouse007	sigma
GCA_025331925.1	1	194433	195104	KAI8417510.1	168	207	PF17106	NACHT_sigma
GCA_025331925.1	1	194433	195104	KAI8417510.1	168	215	inhouse007	sigma
GCA_025331925.1	1	196517	201191	KAI8417511.1	52	87	PF17106	NACHT_sigma
GCA_025331925.1	1	196517	201191	KAI8417511.1	52	79	inhouse007	sigma
GCA_025331925.1	2	4456462	4459247	KAI8417117.1	13	34	inhouse200	HET-s_2015
GCA_025331925.1	2	4456462	4459247	KAI8417117.1	15	35	inhouse005	HET-s
GCA_025331925.1	2	4459449	4463894	KAI8417118.1	218	272	PF11558	HET-s_218-289
GCA_025331925.1	3	5394162	5402494	KAI8415909.1	1401	1447	PF17106	NACHT_sigma
GCA_025331925.1	3	5394162	5402494	KAI8415909.1	1408	1452	inhouse007	sigma
GCA_025331925.1	3	5407047	5408285	KAI8415911.1	361	400	PF17106	NACHT_sigma
GCA_025331925.1	3	5407047	5408285	KAI8415911.1	361	410	inhouse007	sigma
GCA_025331925.1	3	5408501	5409121	KAI8415912.1	169	206	PF17106	NACHT_sigma
GCA_025331925.1	3	5408501	5409121	KAI8415912.1	169	206	inhouse007	sigma
GCA_025331925.1	3	5460011	5464724	KAI8415921.1	30	76	PF17106	NACHT_sigma
GCA_025331925.1	3	5460011	5464724	KAI8415921.1	37	81	inhouse007	sigma
GCA_025331925.1	5	777206	777208	KAI8411019.1	679	727	PF17106	NACHT_sigma
GCA_025331925.1	5	777206	777208	KAI8411019.1	689	727	inhouse007	sigma
GCA_025331925.1	10	2837866	2838903	KAI8405635.1	309	340	PF17106	NACHT_sigma
GCA_025331925.1	10	2837866	2838903	KAI8405635.1	308	343	inhouse007	sigma
GCA_025331925.1	10	2839453	2843355	KAI8405636.1	57	89	PF17106	NACHT_sigma
GCA_025331925.1	10	2839453	2843355	KAI8405636.1	58	89	inhouse007	sigma
GCA_025331925.1	10	3068674	3069867	KAI8405713.1	340	385	PF17106	NACHT_sigma
GCA_025331925.1	10	3068674	3069867	KAI8405713.1	347	395	inhouse007	sigma
GCA_025331925.1	10	3070083	3070703	KAI8405714.1	169	206	PF17106	NACHT_sigma
GCA_025331925.1	10	3070083	3070703	KAI8405714.1	169	206	inhouse007	sigma
GCA_025331925.1	10	3071570	3075047	KAI8405715.1	21	67	PF17106	NACHT_sigma
GCA_025331925.1	10	3071570	3075047	KAI8405715.1	26	72	inhouse007	sigma
GCA_025331925.1	10	3163529	3165950	KAI8405749.1	36	79	PF17106	NACHT_sigma
GCA_025331925.1	10	3163529	3165950	KAI8405749.1	41	87	inhouse007	sigma
GCA_025331925.1	10	3167412	3168201	KAI8405750.1	197	242	PF17106	NACHT_sigma
GCA_025331925.1	10	3167412	3168201	KAI8405750.1	203	245	inhouse007	sigma
GCA_025331925.1	13	2305800	2305802	KAI8402568.1	9	27	inhouse005	HET-s
GCA_025331925.1	13	2306070	2306933	KAI8402569.1	216	281	PF11558	HET-s_218-289
GCA_025331925.1	14	2076354	2079445	KAI8401775.1	23	43	inhouse005	HET-s
GCA_025331925.1	14	2079611	2080477	KAI8401776.1	217	288	PF11558	HET-s_218-289
GCA_025331925.1	16	697348	698511	KAI8398629.1	344	386	PF17106	NACHT_sigma
GCA_025331925.1	16	697348	698511	KAI8398629.1	348	386	inhouse007	sigma
GCA_025331925.1	16	699939	703643	KAI8398630.1	38	81	PF17106	NACHT_sigma
GCA_025331925.1	16	699939	703643	KAI8398630.1	43	83	inhouse007	sigma
